{
  "name": "iron-pages",
  "version": "1.0.9",
  "license": "http://polymer.github.io/LICENSE.txt",
  "description": "Organizes a set of pages and shows one at a time",
  "main": "iron-pages.html",
  "private": true,
  "authors": [
    "The Polymer Authors"
  ],
  "repository": {
    "type": "git",
    "url": "git://github.com/PolymerElements/iron-pages.git"
  },
  "keywords": [
    "web-components",
    "polymer",
    "container"
  ],
  "dependencies": {
    "iron-resizable-behavior": "polymerelements/iron-resizable-behavior#^1.0.0",
    "iron-selector": "polymerelements/iron-selector#^1.0.0",
    "polymer": "Polymer/polymer#^1.1.0"
  },
  "devDependencies": {
    "iron-component-page": "polymerelements/iron-component-page#^1.0.0",
    "iron-demo-helpers": "polymerelements/iron-demo-helpers#^1.0.0",
    "paper-styles": "polymerelements/paper-styles#^1.0.2",
    "test-fixture": "polymerelements/test-fixture#^1.0.0",
    "web-component-tester": "^4.0.0",
    "webcomponentsjs": "webcomponents/webcomponentsjs#^0.7.0"
  },
  "ignore": [],
  "homepage": "https://github.com/PolymerElements/iron-pages",
  "_release": "1.0.9",
  "_resolution": {
    "type": "version",
    "tag": "v1.0.9",
    "commit": "fffb343259d2b381bebfdb13cbe08ec1d0d2b4db"
  },
  "_source": "https://github.com/PolymerElements/iron-pages.git",
  "_target": "^1.0.8",
  "_originalSource": "PolymerElements/iron-pages"
}